order_item_id,order_id,product_id,quantity,unit_price,subtotal
5001,4001,2035,3,29.99,89.97
5002,4002,2071,3,129.99,389.97
5003,4002,2036,1,119.99,119.99
5004,4003,2134,3,89.99,269.97
5005,4003,2029,2,99.99,199.98
5006,4003,2086,1,39.99,39.99
5007,4003,2012,1,45.99,45.99
5008,4003,2114,2,44.99,89.98
5009,4004,2043,2,44.99,89.98
5010,4005,2009,3,12.99,38.97
5011,4006,2080,1,34.99,34.99
5012,4006,2092,2,29.99,59.98
5013,4007,2047,2,24.99,49.98
5014,4007,2014,1,34.99,34.99
5015,4007,2134,2,89.99,179.98
5016,4007,2094,3,44.99,134.97
5017,4008,2134,2,89.99,179.98
5018,4008,2050,1,12.99,12.99
5019,4008,2119,3,27.99,83.97
5020,4009,2057,3,19.99,59.97
5021,4010,2007,2,149.99,299.98
5022,4010,2046,1,89.99,89.99
5023,4010,2084,2,49.99,99.98
5024,4010,2040,2,49.99,99.98
5025,4011,2081,2,59.99,119.98
5026,4011,2074,1,44.99,44.99
5027,4011,2115,1,39.99,39.99
5028,4011,2130,2,24.99,49.98
5029,4011,2116,2,29.99,59.98
5030,4012,2007,1,149.99,149.99
5031,4012,2107,1,24.99,24.99
5032,4013,2132,1,39.99,39.99
5033,4013,2090,2,39.99,79.98
5034,4013,2113,1,34.99,34.99
5035,4014,2133,2,34.99,69.98
5036,4014,2065,3,59.99,179.97
5037,4014,2044,1,79.99,79.99
5038,4014,2087,2,34.99,69.98
5039,4015,2005,3,129.99,389.97
5040,4015,2115,3,39.99,119.97
5041,4015,2067,2,129.99,259.98
5042,4016,2051,3,14.99,44.97
5043,4016,2077,1,149.99,149.99
5044,4016,2149,1,44.99,44.99
5045,4017,2102,2,18.99,37.98
5046,4018,2145,2,34.99,69.98
5047,4018,2077,2,149.99,299.98
5048,4018,2066,2,399.99,799.98
5049,4018,2012,1,45.99,45.99
5050,4018,2004,2,39.99,79.98
5051,4019,2050,3,12.99,38.97
5052,4019,2059,2,13.99,27.98
5053,4019,2100,2,69.99,139.98
5054,4020,2051,2,14.99,29.98
5055,4020,2125,2,199.99,399.98
5056,4020,2143,3,39.99,119.97
5057,4020,2116,2,29.99,59.98
5058,4021,2014,2,34.99,69.98
5059,4022,2077,3,149.99,449.97
5060,4023,2148,1,29.99,29.99
5061,4023,2019,2,79.99,159.98
5062,4023,2127,3,179.99,539.97
5063,4023,2101,2,39.99,79.98
5064,4023,2030,1,179.99,179.99
5065,4024,2093,2,24.99,49.98
5066,4024,2045,2,59.99,119.98
5067,4024,2062,1,24.99,24.99
5068,4024,2107,1,24.99,24.99
5069,4025,2078,3,34.99,104.97
5070,4026,2150,2,79.99,159.98
5071,4027,2047,3,24.99,74.97
5072,4028,2129,1,14.99,14.99
5073,4028,2137,3,54.99,164.97
5074,4028,2071,2,129.99,259.98
5075,4029,2003,1,45.50,45.50
5076,4029,2049,2,16.99,33.98
5077,4030,2070,2,29.99,59.98
5078,4031,2101,2,39.99,79.98
5079,4032,2139,1,49.99,49.99
5080,4032,2065,1,59.99,59.99
5081,4032,2114,3,44.99,134.97
5082,4032,2066,2,399.99,799.98
5083,4032,2016,1,149.99,149.99
5084,4033,2097,1,34.99,34.99
5085,4033,2028,2,29.99,59.98
5086,4034,2081,3,59.99,179.97
5087,4034,2056,2,22.99,45.98
5088,4035,2002,2,299.99,599.98
5089,4036,2049,3,16.99,50.97
5090,4036,2116,3,29.99,89.97
5091,4037,2089,1,24.99,24.99
5092,4037,2079,2,29.99,59.98
5093,4037,2057,1,19.99,19.99
5094,4037,2098,3,299.99,899.97
5095,4038,2136,1,39.99,39.99
5096,4038,2147,3,24.99,74.97
5097,4038,2052,2,24.99,49.98
5098,4038,2102,3,18.99,56.97
5099,4038,2023,2,189.99,379.98
5100,4039,2014,2,34.99,69.98
5101,4039,2052,3,24.99,74.97
5102,4040,2147,1,24.99,24.99
5103,4040,2007,1,149.99,149.99
5104,4040,2001,3,89.99,269.97
5105,4041,2111,3,19.99,59.97
5106,4041,2092,2,29.99,59.98
5107,4041,2143,1,39.99,39.99
5108,4041,2041,2,34.99,69.98
5109,4041,2071,3,129.99,389.97
5110,4042,2079,2,29.99,59.98
5111,4042,2070,3,29.99,89.97
5112,4043,2091,3,14.99,44.97
5113,4043,2128,2,129.99,259.98
5114,4043,2046,1,89.99,89.99
5115,4044,2147,1,24.99,24.99
5116,4044,2018,2,69.99,139.98
5117,4044,2088,2,29.99,59.98
5118,4044,2017,3,54.99,164.97
5119,4045,2077,3,149.99,449.97
5120,4045,2020,1,89.99,89.99
5121,4045,2028,3,29.99,89.97
5122,4045,2063,2,49.99,99.98
5123,4046,2030,1,179.99,179.99
5124,4046,2111,2,19.99,39.98
5125,4047,2134,1,89.99,89.99
5126,4047,2009,1,12.99,12.99
5127,4048,2048,1,29.99,29.99
5128,4048,2088,1,29.99,29.99
5129,4048,2087,1,34.99,34.99
5130,4048,2121,3,159.99,479.97
5131,4048,2106,1,89.99,89.99
5132,4049,2041,2,34.99,69.98
5133,4049,2125,3,199.99,599.97
5134,4049,2145,2,34.99,69.98
5135,4049,2098,2,299.99,599.98
5136,4049,2014,3,34.99,104.97
5137,4050,2085,1,89.99,89.99
5138,4050,2012,3,45.99,137.97
5139,4050,2147,3,24.99,74.97
5140,4050,2098,2,299.99,599.98
5141,4051,2089,1,24.99,24.99
5142,4051,2145,2,34.99,69.98
5143,4051,2060,2,29.99,59.98
5144,4051,2128,3,129.99,389.97
5145,4052,2096,3,89.99,269.97
5146,4053,2076,2,24.99,49.98
5147,4053,2017,1,54.99,54.99
5148,4053,2062,1,24.99,24.99
5149,4054,2002,1,299.99,299.99
5150,4055,2052,2,24.99,49.98
5151,4056,2143,2,39.99,79.98
5152,4056,2130,3,24.99,74.97
5153,4057,2095,2,12.99,25.98
5154,4057,2122,1,49.99,49.99
5155,4057,2128,2,129.99,259.98
5156,4057,2135,1,49.99,49.99
5157,4057,2099,3,79.99,239.97
5158,4058,2121,3,159.99,479.97
5159,4058,2108,2,19.99,39.98
5160,4058,2087,1,34.99,34.99
5161,4059,2010,2,9.99,19.98
5162,4059,2145,2,34.99,69.98
5163,4059,2143,3,39.99,119.97
5164,4059,2115,2,39.99,79.98
5165,4060,2015,1,59.99,59.99
5166,4060,2026,2,149.99,299.98
5167,4060,2094,1,44.99,44.99
5168,4060,2132,3,39.99,119.97
5169,4061,2053,2,18.99,37.98
5170,4061,2077,1,149.99,149.99
5171,4061,2041,2,34.99,69.98
5172,4061,2004,2,39.99,79.98
5173,4061,2036,1,119.99,119.99
5174,4062,2080,1,34.99,34.99
5175,4062,2087,1,34.99,34.99
5176,4062,2086,3,39.99,119.97
5177,4062,2126,2,149.99,299.98
5178,4063,2065,2,59.99,119.98
5179,4063,2070,1,29.99,29.99
5180,4063,2037,3,19.99,59.97
5181,4063,2077,2,149.99,299.98
5182,4064,2149,3,44.99,134.97
5183,4064,2119,1,27.99,27.99
5184,4065,2072,3,99.99,299.97
5185,4065,2066,3,399.99,1199.97
5186,4065,2045,3,59.99,179.97
5187,4065,2008,3,119.99,359.97
5188,4066,2064,2,69.99,139.98
5189,4066,2071,3,129.99,389.97
5190,4066,2049,2,16.99,33.98
5191,4066,2014,1,34.99,34.99
5192,4067,2029,3,99.99,299.97
5193,4067,2032,1,69.99,69.99
5194,4067,2148,2,29.99,59.98
5195,4067,2143,1,39.99,39.99
5196,4067,2054,2,12.99,25.98
5197,4068,2064,2,69.99,139.98
5198,4068,2054,3,12.99,38.97
5199,4068,2047,1,24.99,24.99
5200,4068,2010,1,9.99,9.99
5201,4069,2037,3,19.99,59.97
5202,4069,2063,2,49.99,99.98
5203,4070,2031,3,29.99,89.97
5204,4070,2028,3,29.99,89.97
5205,4070,2030,1,179.99,179.99
5206,4070,2098,2,299.99,599.98
5207,4071,2021,2,79.99,159.98
5208,4071,2091,2,14.99,29.98
5209,4071,2022,1,129.99,129.99
5210,4071,2080,1,34.99,34.99
5211,4071,2024,3,249.99,749.97
5212,4072,2072,3,99.99,299.97
5213,4072,2034,3,399.99,1199.97
5214,4072,2096,3,89.99,269.97
5215,4072,2115,3,39.99,119.97
5216,4072,2075,2,29.99,59.98
5217,4073,2008,2,119.99,239.98
5218,4073,2045,3,59.99,179.97
5219,4074,2008,2,119.99,239.98
5220,4074,2091,3,14.99,44.97
5221,4075,2072,2,99.99,199.98
5222,4075,2095,3,12.99,38.97
5223,4075,2115,3,39.99,119.97
5224,4076,2046,1,89.99,89.99
5225,4076,2139,1,49.99,49.99
5226,4077,2058,1,16.99,16.99
5227,4077,2116,2,29.99,59.98
5228,4077,2026,1,149.99,149.99
5229,4077,2134,2,89.99,179.98
5230,4077,2122,2,49.99,99.98
5231,4078,2014,2,34.99,69.98
5232,4078,2136,2,39.99,79.98
5233,4078,2050,1,12.99,12.99
5234,4078,2139,2,49.99,99.98
5235,4079,2088,2,29.99,59.98
5236,4079,2082,3,149.99,449.97
5237,4080,2049,3,16.99,50.97
5238,4080,2055,3,89.99,269.97
5239,4080,2058,3,16.99,50.97
5240,4080,2084,1,49.99,49.99
5241,4081,2002,2,299.99,599.98
5242,4082,2138,1,44.99,44.99
5243,4082,2140,1,59.99,59.99
5244,4083,2095,1,12.99,12.99
5245,4083,2033,3,24.99,74.97
5246,4083,2016,3,149.99,449.97
5247,4083,2106,3,89.99,269.97
5248,4083,2063,2,49.99,99.98
5249,4084,2111,2,19.99,39.98
5250,4084,2065,2,59.99,119.98
5251,4084,2018,2,69.99,139.98
5252,4084,2030,1,179.99,179.99
5253,4084,2106,1,89.99,89.99
5254,4085,2149,3,44.99,134.97
5255,4086,2102,3,18.99,56.97
5256,4086,2044,3,79.99,239.97
5257,4086,2133,2,34.99,69.98
5258,4087,2020,1,89.99,89.99
5259,4088,2036,3,119.99,359.97
5260,4088,2018,2,69.99,139.98
5261,4088,2092,1,29.99,29.99
5262,4088,2123,3,79.99,239.97
5263,4088,2130,1,24.99,24.99
5264,4089,2082,1,149.99,149.99
5265,4089,2117,3,24.99,74.97
5266,4090,2010,1,9.99,9.99
5267,4090,2026,2,149.99,299.98
5268,4090,2129,2,14.99,29.98
5269,4091,2008,1,119.99,119.99
5270,4092,2017,2,54.99,109.98
5271,4092,2106,3,89.99,269.97
5272,4092,2120,2,32.99,65.98
5273,4092,2107,3,24.99,74.97
5274,4093,2027,2,45.99,91.98
5275,4093,2020,2,89.99,179.98
5276,4093,2132,2,39.99,79.98
5277,4094,2103,1,16.99,16.99
5278,4094,2098,1,299.99,299.99
5279,4095,2093,1,24.99,24.99
5280,4096,2123,3,79.99,239.97
5281,4096,2101,1,39.99,39.99
5282,4096,2086,3,39.99,119.97
5283,4096,2026,3,149.99,449.97
5284,4097,2057,2,19.99,39.98
5285,4097,2050,3,12.99,38.97
5286,4098,2080,2,34.99,69.98
5287,4098,2088,1,29.99,29.99
5288,4098,2072,3,99.99,299.97
5289,4098,2044,2,79.99,159.98
5290,4099,2085,1,89.99,89.99
5291,4099,2099,2,79.99,159.98
5292,4099,2123,3,79.99,239.97
5293,4099,2091,2,14.99,29.98
5294,4099,2042,2,18.99,37.98
5295,4100,2074,3,44.99,134.97
5296,4100,2030,3,179.99,539.97
5297,4101,2073,1,19.99,19.99
5298,4101,2113,2,34.99,69.98
5299,4101,2084,2,49.99,99.98
5300,4101,2111,1,19.99,19.99
5301,4102,2003,1,45.50,45.50
5302,4102,2061,2,249.99,499.98
5303,4103,2069,3,54.99,164.97
5304,4103,2072,1,99.99,99.99
5305,4103,2027,1,45.99,45.99
5306,4103,2040,3,49.99,149.97
5307,4104,2121,1,159.99,159.99
5308,4104,2080,1,34.99,34.99
5309,4104,2070,2,29.99,59.98
5310,4105,2042,2,18.99,37.98
5311,4105,2130,3,24.99,74.97
5312,4105,2122,2,49.99,99.98
5313,4105,2116,1,29.99,29.99
5314,4105,2079,3,29.99,89.97
5315,4106,2119,1,27.99,27.99
5316,4106,2038,1,199.99,199.99
5317,4106,2044,1,79.99,79.99
5318,4107,2118,1,21.99,21.99
5319,4108,2054,2,12.99,25.98
5320,4108,2090,3,39.99,119.97
5321,4108,2138,3,44.99,134.97
5322,4108,2074,1,44.99,44.99
5323,4109,2001,1,89.99,89.99
5324,4110,2048,3,29.99,89.97
5325,4111,2098,2,299.99,599.98
5326,4111,2016,3,149.99,449.97
5327,4111,2001,3,89.99,269.97
5328,4111,2146,1,19.99,19.99
5329,4112,2143,1,39.99,39.99
5330,4112,2103,2,16.99,33.98
5331,4112,2117,2,24.99,49.98
5332,4112,2102,2,18.99,37.98
5333,4113,2039,3,139.99,419.97
5334,4113,2111,2,19.99,39.98
5335,4114,2062,2,24.99,49.98
5336,4115,2061,3,249.99,749.97
5337,4115,2089,2,24.99,49.98
5338,4115,2107,2,24.99,49.98
5339,4116,2050,1,12.99,12.99
5340,4116,2125,3,199.99,599.97
5341,4117,2002,3,299.99,899.97
5342,4117,2069,1,54.99,54.99
5343,4118,2052,2,24.99,49.98
5344,4118,2140,3,59.99,179.97
5345,4118,2085,2,89.99,179.98
5346,4118,2081,2,59.99,119.98
5347,4118,2036,2,119.99,239.98
5348,4119,2142,3,119.99,359.97
5349,4119,2019,2,79.99,159.98
5350,4119,2043,1,44.99,44.99
5351,4119,2123,3,79.99,239.97
5352,4120,2075,3,29.99,89.97
5353,4120,2050,3,12.99,38.97
5354,4120,2025,2,39.99,79.98
5355,4120,2004,2,39.99,79.98
5356,4120,2061,2,249.99,499.98
5357,4121,2121,2,159.99,319.98
5358,4121,2115,2,39.99,79.98
5359,4121,2098,3,299.99,899.97
5360,4121,2135,2,49.99,99.98
5361,4122,2003,3,45.50,136.50
5362,4122,2104,3,42.99,128.97
5363,4122,2127,3,179.99,539.97
5364,4122,2142,2,119.99,239.98
5365,4122,2050,2,12.99,25.98
5366,4123,2150,1,79.99,79.99
5367,4124,2101,1,39.99,39.99
5368,4124,2031,1,29.99,29.99
5369,4124,2147,1,24.99,24.99
5370,4124,2078,3,34.99,104.97
5371,4124,2106,3,89.99,269.97
5372,4125,2060,2,29.99,59.98
5373,4125,2104,3,42.99,128.97
5374,4126,2032,1,69.99,69.99
5375,4126,2109,1,69.99,69.99
5376,4127,2150,3,79.99,239.97
5377,4127,2028,2,29.99,59.98
5378,4127,2023,3,189.99,569.97
5379,4127,2130,1,24.99,24.99
5380,4127,2022,3,129.99,389.97
5381,4128,2067,2,129.99,259.98
5382,4128,2149,3,44.99,134.97
5383,4128,2038,3,199.99,599.97
5384,4128,2090,2,39.99,79.98
5385,4129,2122,3,49.99,149.97
5386,4129,2134,1,89.99,89.99
5387,4129,2016,1,149.99,149.99
5388,4129,2053,1,18.99,18.99
5389,4130,2002,1,299.99,299.99
5390,4130,2056,3,22.99,68.97
5391,4130,2059,1,13.99,13.99
5392,4130,2145,2,34.99,69.98
5393,4131,2086,2,39.99,79.98
5394,4131,2034,3,399.99,1199.97
5395,4131,2097,2,34.99,69.98
5396,4131,2082,3,149.99,449.97
5397,4132,2109,1,69.99,69.99
5398,4132,2083,2,69.99,139.98
5399,4133,2017,3,54.99,164.97
5400,4133,2085,3,89.99,269.97
5401,4134,2033,3,24.99,74.97
5402,4134,2113,2,34.99,69.98
5403,4134,2145,2,34.99,69.98
5404,4135,2149,3,44.99,134.97
5405,4135,2136,1,39.99,39.99
5406,4135,2014,1,34.99,34.99
5407,4136,2134,2,89.99,179.98
5408,4136,2024,2,249.99,499.98
5409,4136,2059,1,13.99,13.99
5410,4136,2030,1,179.99,179.99
5411,4136,2071,3,129.99,389.97
5412,4137,2003,2,45.50,91.00
5413,4137,2125,2,199.99,399.98
5414,4138,2128,2,129.99,259.98
5415,4139,2081,3,59.99,179.97
5416,4140,2055,1,89.99,89.99
5417,4140,2141,1,69.99,69.99
5418,4140,2073,1,19.99,19.99
5419,4141,2048,3,29.99,89.97
5420,4141,2094,3,44.99,134.97
5421,4142,2041,1,34.99,34.99
5422,4142,2143,2,39.99,79.98
5423,4143,2127,1,179.99,179.99
5424,4143,2039,3,139.99,419.97
5425,4143,2107,1,24.99,24.99
5426,4143,2043,1,44.99,44.99
5427,4144,2050,1,12.99,12.99
5428,4144,2148,2,29.99,59.98
5429,4144,2067,2,129.99,259.98
5430,4145,2129,1,14.99,14.99
5431,4145,2024,3,249.99,749.97
5432,4145,2022,1,129.99,129.99
5433,4145,2070,1,29.99,29.99
5434,4146,2081,1,59.99,59.99
5435,4146,2089,1,24.99,24.99
5436,4147,2088,3,29.99,89.97
5437,4147,2004,2,39.99,79.98
5438,4147,2022,2,129.99,259.98
5439,4147,2081,2,59.99,119.98
5440,4147,2011,3,24.99,74.97
5441,4148,2067,3,129.99,389.97
5442,4148,2088,3,29.99,89.97
5443,4148,2080,3,34.99,104.97
5444,4148,2060,2,29.99,59.98
5445,4148,2071,2,129.99,259.98
5446,4149,2021,2,79.99,159.98
5447,4149,2088,1,29.99,29.99
5448,4149,2106,1,89.99,89.99
5449,4150,2091,3,14.99,44.97
5450,4150,2058,3,16.99,50.97
5451,4150,2027,2,45.99,91.98
5452,4150,2113,3,34.99,104.97
5453,4151,2087,3,34.99,104.97
5454,4151,2116,2,29.99,59.98
5455,4151,2014,2,34.99,69.98
5456,4151,2047,2,24.99,49.98
5457,4152,2131,3,59.99,179.97
5458,4153,2072,1,99.99,99.99
5459,4153,2143,3,39.99,119.97
5460,4153,2016,2,149.99,299.98
5461,4153,2062,2,24.99,49.98
5462,4154,2048,3,29.99,89.97
5463,4155,2033,1,24.99,24.99
5464,4156,2006,1,34.99,34.99
5465,4156,2147,1,24.99,24.99
5466,4157,2102,3,18.99,56.97
5467,4158,2088,2,29.99,59.98
5468,4159,2034,3,399.99,1199.97
5469,4159,2073,3,19.99,59.97
5470,4159,2106,1,89.99,89.99
5471,4160,2100,3,69.99,209.97
5472,4160,2099,2,79.99,159.98
5473,4160,2050,3,12.99,38.97
5474,4161,2053,2,18.99,37.98
5475,4162,2067,3,129.99,389.97
5476,4162,2086,3,39.99,119.97
5477,4162,2059,1,13.99,13.99
5478,4162,2015,2,59.99,119.98
5479,4162,2125,2,199.99,399.98
5480,4163,2069,3,54.99,164.97
5481,4164,2145,1,34.99,34.99
5482,4164,2129,2,14.99,29.98
5483,4164,2126,2,149.99,299.98
5484,4165,2020,2,89.99,179.98
5485,4166,2139,1,49.99,49.99
5486,4166,2101,1,39.99,39.99
5487,4166,2143,1,39.99,39.99
5488,4167,2045,1,59.99,59.99
5489,4167,2030,3,179.99,539.97
5490,4167,2147,1,24.99,24.99
5491,4167,2044,1,79.99,79.99
5492,4167,2148,2,29.99,59.98
5493,4168,2099,3,79.99,239.97
5494,4169,2065,1,59.99,59.99
5495,4169,2140,3,59.99,179.97
5496,4169,2113,1,34.99,34.99
5497,4169,2066,1,399.99,399.99
5498,4169,2117,3,24.99,74.97
5499,4170,2042,3,18.99,56.97
5500,4171,2125,2,199.99,399.98
5501,4171,2134,1,89.99,89.99
5502,4171,2034,2,399.99,799.98
5503,4171,2065,1,59.99,59.99
5504,4172,2119,3,27.99,83.97
5505,4173,2128,2,129.99,259.98
5506,4173,2150,3,79.99,239.97
5507,4173,2006,2,34.99,69.98
5508,4174,2021,3,79.99,239.97
5509,4174,2075,3,29.99,89.97
5510,4174,2050,2,12.99,25.98
5511,4174,2096,3,89.99,269.97
5512,4175,2038,2,199.99,399.98
5513,4176,2040,3,49.99,149.97
5514,4176,2022,3,129.99,389.97
5515,4176,2137,3,54.99,164.97
5516,4176,2082,3,149.99,449.97
5517,4176,2018,2,69.99,139.98
5518,4177,2108,2,19.99,39.98
5519,4178,2076,3,24.99,74.97
5520,4178,2122,3,49.99,149.97
5521,4178,2070,1,29.99,29.99
5522,4179,2105,2,29.99,59.98
5523,4179,2126,1,149.99,149.99
5524,4179,2070,1,29.99,29.99
5525,4179,2049,3,16.99,50.97
5526,4179,2135,1,49.99,49.99
5527,4180,2028,2,29.99,59.98
5528,4180,2110,1,22.99,22.99
5529,4180,2070,1,29.99,29.99
5530,4180,2135,1,49.99,49.99
5531,4181,2009,3,12.99,38.97
5532,4181,2007,2,149.99,299.98
5533,4181,2131,2,59.99,119.98
5534,4181,2096,1,89.99,89.99
5535,4181,2028,2,29.99,59.98
5536,4182,2095,3,12.99,38.97
5537,4182,2004,2,39.99,79.98
5538,4183,2021,3,79.99,239.97
5539,4184,2024,1,249.99,249.99
5540,4184,2092,1,29.99,29.99
5541,4185,2069,2,54.99,109.98
5542,4185,2088,3,29.99,89.97
5543,4186,2123,3,79.99,239.97
5544,4186,2107,1,24.99,24.99
5545,4186,2079,1,29.99,29.99
5546,4187,2073,2,19.99,39.98
5547,4187,2136,3,39.99,119.97
5548,4187,2116,1,29.99,29.99
5549,4187,2096,1,89.99,89.99
5550,4187,2034,3,399.99,1199.97
5551,4188,2075,2,29.99,59.98
5552,4188,2089,1,24.99,24.99
5553,4188,2084,3,49.99,149.97
5554,4188,2120,2,32.99,65.98
5555,4189,2146,2,19.99,39.98
5556,4189,2143,3,39.99,119.97
5557,4189,2092,1,29.99,29.99
5558,4189,2106,1,89.99,89.99
5559,4189,2055,3,89.99,269.97
5560,4190,2007,1,149.99,149.99
5561,4190,2103,2,16.99,33.98
5562,4190,2062,1,24.99,24.99
5563,4191,2144,2,24.99,49.98
5564,4191,2058,2,16.99,33.98
5565,4191,2030,3,179.99,539.97
5566,4191,2118,1,21.99,21.99
5567,4191,2066,3,399.99,1199.97
5568,4192,2058,3,16.99,50.97
5569,4193,2095,1,12.99,12.99
5570,4193,2079,3,29.99,89.97
5571,4194,2130,1,24.99,24.99
5572,4194,2067,3,129.99,389.97
5573,4194,2036,3,119.99,359.97
5574,4194,2027,1,45.99,45.99
5575,4194,2051,1,14.99,14.99
5576,4195,2139,3,49.99,149.97
5577,4195,2008,2,119.99,239.98
5578,4195,2110,2,22.99,45.98
5579,4195,2070,1,29.99,29.99
5580,4196,2063,3,49.99,149.97
5581,4196,2119,3,27.99,83.97
5582,4196,2051,2,14.99,29.98
5583,4196,2111,3,19.99,59.97
5584,4196,2123,1,79.99,79.99
5585,4197,2092,3,29.99,89.97
5586,4197,2056,1,22.99,22.99
5587,4197,2031,2,29.99,59.98
5588,4198,2097,2,34.99,69.98
5589,4199,2021,3,79.99,239.97
5590,4199,2141,1,69.99,69.99
5591,4199,2138,3,44.99,134.97
5592,4199,2150,2,79.99,159.98
5593,4200,2010,1,9.99,9.99
5594,4201,2117,1,24.99,24.99
5595,4201,2069,2,54.99,109.98
5596,4201,2051,3,14.99,44.97
5597,4202,2091,2,14.99,29.98
5598,4202,2087,3,34.99,104.97
5599,4202,2047,3,24.99,74.97
5600,4202,2145,2,34.99,69.98
5601,4203,2133,2,34.99,69.98
5602,4203,2150,3,79.99,239.97
5603,4203,2131,1,59.99,59.99
5604,4204,2131,1,59.99,59.99
5605,4204,2057,1,19.99,19.99
5606,4204,2071,3,129.99,389.97
5607,4205,2027,1,45.99,45.99
5608,4206,2140,2,59.99,119.98
5609,4207,2060,2,29.99,59.98
5610,4208,2039,2,139.99,279.98
5611,4208,2112,3,26.99,80.97
5612,4208,2053,2,18.99,37.98
5613,4208,2109,1,69.99,69.99
5614,4209,2021,2,79.99,159.98
5615,4210,2110,3,22.99,68.97
5616,4210,2106,1,89.99,89.99
5617,4210,2093,1,24.99,24.99
5618,4211,2032,1,69.99,69.99
5619,4211,2134,2,89.99,179.98
5620,4211,2083,1,69.99,69.99
5621,4211,2054,2,12.99,25.98
5622,4212,2081,1,59.99,59.99
5623,4212,2072,3,99.99,299.97
5624,4212,2026,2,149.99,299.98
5625,4212,2139,2,49.99,99.98
5626,4213,2023,2,189.99,379.98
5627,4214,2087,2,34.99,69.98
5628,4214,2036,2,119.99,239.98
5629,4214,2057,3,19.99,59.97
5630,4214,2034,2,399.99,799.98
5631,4215,2006,1,34.99,34.99
5632,4216,2062,2,24.99,49.98
5633,4216,2050,1,12.99,12.99
5634,4216,2016,2,149.99,299.98
5635,4216,2008,1,119.99,119.99
5636,4216,2020,1,89.99,89.99
5637,4217,2053,1,18.99,18.99
5638,4218,2149,2,44.99,89.98
5639,4218,2089,3,24.99,74.97
5640,4218,2022,2,129.99,259.98
5641,4219,2043,2,44.99,89.98
5642,4220,2008,3,119.99,359.97
5643,4220,2079,3,29.99,89.97
5644,4220,2048,3,29.99,89.97
5645,4220,2014,2,34.99,69.98
5646,4220,2047,3,24.99,74.97
5647,4221,2130,2,24.99,49.98
5648,4221,2028,3,29.99,89.97
5649,4221,2026,1,149.99,149.99
5650,4222,2105,3,29.99,89.97
5651,4222,2029,2,99.99,199.98
5652,4222,2053,2,18.99,37.98
5653,4223,2011,1,24.99,24.99
5654,4223,2055,3,89.99,269.97
5655,4224,2072,3,99.99,299.97
5656,4225,2056,3,22.99,68.97
5657,4225,2112,1,26.99,26.99
5658,4225,2012,2,45.99,91.98
5659,4225,2093,3,24.99,74.97
5660,4225,2086,3,39.99,119.97
5661,4226,2093,2,24.99,49.98
5662,4226,2141,3,69.99,209.97
5663,4226,2137,3,54.99,164.97
5664,4226,2079,2,29.99,59.98
5665,4227,2029,1,99.99,99.99
5666,4227,2101,3,39.99,119.97
5667,4227,2121,1,159.99,159.99
5668,4227,2093,1,24.99,24.99
5669,4227,2047,2,24.99,49.98
5670,4228,2057,2,19.99,39.98
5671,4228,2023,2,189.99,379.98
5672,4228,2040,2,49.99,99.98
5673,4229,2149,2,44.99,89.98
5674,4230,2066,3,399.99,1199.97
5675,4231,2086,3,39.99,119.97
5676,4231,2126,3,149.99,449.97
5677,4231,2095,3,12.99,38.97
5678,4232,2097,1,34.99,34.99
5679,4232,2128,3,129.99,389.97
5680,4232,2022,1,129.99,129.99
5681,4233,2055,3,89.99,269.97
5682,4233,2043,3,44.99,134.97
5683,4234,2079,2,29.99,59.98
5684,4234,2125,1,199.99,199.99
5685,4234,2083,3,69.99,209.97
5686,4234,2017,3,54.99,164.97
5687,4235,2046,3,89.99,269.97
5688,4235,2058,2,16.99,33.98
5689,4235,2084,1,49.99,49.99
5690,4235,2042,2,18.99,37.98
5691,4235,2117,1,24.99,24.99
5692,4236,2086,2,39.99,79.98
5693,4237,2016,3,149.99,449.97
5694,4237,2015,2,59.99,119.98
5695,4237,2149,1,44.99,44.99
5696,4237,2032,3,69.99,209.97
5697,4237,2071,1,129.99,129.99
5698,4238,2030,1,179.99,179.99
5699,4238,2026,1,149.99,149.99
5700,4238,2148,3,29.99,89.97
5701,4238,2104,3,42.99,128.97
5702,4239,2124,3,499.99,1499.97
5703,4240,2054,2,12.99,25.98
5704,4240,2003,2,45.50,91.00
5705,4240,2144,3,24.99,74.97
5706,4240,2109,3,69.99,209.97
5707,4240,2044,3,79.99,239.97
5708,4241,2079,3,29.99,89.97
5709,4242,2129,2,14.99,29.98
5710,4242,2027,1,45.99,45.99
5711,4242,2047,1,24.99,24.99
5712,4242,2015,2,59.99,119.98
5713,4243,2109,3,69.99,209.97
5714,4243,2076,1,24.99,24.99
5715,4243,2070,1,29.99,29.99
5716,4243,2055,1,89.99,89.99
5717,4244,2061,3,249.99,749.97
5718,4244,2069,1,54.99,54.99
5719,4245,2114,3,44.99,134.97
5720,4245,2071,3,129.99,389.97
5721,4245,2009,3,12.99,38.97
5722,4246,2070,3,29.99,89.97
5723,4246,2126,1,149.99,149.99
5724,4246,2117,3,24.99,74.97
5725,4247,2128,2,129.99,259.98
5726,4247,2091,2,14.99,29.98
5727,4247,2140,3,59.99,179.97
5728,4247,2001,3,89.99,269.97
5729,4248,2098,3,299.99,899.97
5730,4248,2086,1,39.99,39.99
5731,4248,2021,1,79.99,79.99
5732,4248,2085,2,89.99,179.98
5733,4249,2134,3,89.99,269.97
5734,4250,2066,3,399.99,1199.97
5735,4250,2028,3,29.99,89.97
5736,4250,2063,3,49.99,149.97
5737,4250,2133,3,34.99,104.97
5738,4250,2120,2,32.99,65.98
